Channel,keV,Aluminium,Calcium,Iron,Magnesium,Oxygen,Silicon,Titanium,Potassium,Thorium,Uranium
0,516.2,-0.0,-0.0,-0.0,-0.0,-0.0,-0.0,-0.0,-0.0,-0.0,-0.0
1,534.0,5.753806727659856e-05,0.00010185103774868945,3.043235660698578e-05,1.1880227936755301e-05,0.0005816037760164935,0.0001515235519540853,-0.0,-0.0,0.00040873450340935674,-0.0
2,551.8000000000001,5.543002460699976e-05,0.00015629512877760155,-0.0,-0.0,0.000993141905269431,0.0002654019621732366,-0.0,-0.0,0.00027224302589763996,-0.0
3,569.6,0.0001054838022574757,0.00021636418220096705,-0.0,-0.0,0.001285077745885525,0.0006027353706554717,-0.0,-0.0,1.8347341120648922e-05,-0.0
4,587.4,0.00016914773741413686,0.0002524573656520737,-0.0,-0.0,0.0014549816971566006,0.0008911104622484424,-0.0,-0.0,-0.0,-0.0
5,605.2,0.00016546072704829261,0.0002143014803901158,-0.0,-0.0,0.0015741052004100658,0.0009988101884309975,-0.0,-0.0,-0.0,-0.0
6,623.0,0.00016001941622160884,0.0001774659186679375,0.0003943136938068259,-0.0,0.0016482991858636274,0.0010360727296771352,-0.0,-0.0,-0.0,-0.0
7,640.8000000000001,0.00010696638139496805,0.00011288649408873401,0.0005418730733196377,-0.0,0.0016259143875254113,0.0010388942342945255,-0.0,-0.0,-0.0,-0.0
8,658.6,0.00014681470734614205,9.153528883335559e-05,0.0007556217378267425,-0.0,0.0015865716983730338,0.0010059224319148383,-0.0,-0.0,-0.0,-0.0
9,676.4,0.00013535363070115683,7.217761079281353e-05,0.0009703627061142125,-0.0,0.0014924405293586785,0.0008844858122438546,-0.0,-0.0,-0.0,-0.0
10,694.2,0.0001328639771489308,0.00010449968857041881,0.0015030566992514903,-0.0,0.0013283852708744117,0.0006864437059154612,-0.0,-0.0,-0.0,-0.0
11,712.0,0.00015935731950110865,0.00010102568614398621,0.0022133588313737788,-0.0,0.0010682490998739427,0.0005218841294265365,-0.0,-0.0,-0.0,-0.0
12,729.8000000000001,0.00018556986486743696,9.126362921460607e-05,0.002932446527957319,-0.0,0.0007721731749659118,0.00030417789137764025,-0.0,-0.0,-0.0,-0.0
13,747.6,0.00015393129495089455,6.16882414565987e-05,0.003295055732819895,-0.0,0.0004379424259693736,0.00016371811140837423,-0.0,-0.0,0.00023639965448285684,-0.0
14,765.4,0.00010287763664617271,2.7915684904519946e-05,0.004069620336207205,-0.0,1.0283040088153916e-05,6.96877751892145e-05,-0.0,-0.0,0.00047237417613190454,-0.0
15,783.2,7.506756970028844e-05,4.500024070526161e-05,0.004121327667373334,-0.0,3.549267575346499e-06,4.174899364732662e-05,-0.0,-0.0,0.0004543032176632507,-0.0
16,801.0,8.113650291184397e-05,7.714359493300767e-05,0.004084024898736336,-0.0,0.00015751315887381918,2.4074269081082354e-06,-0.0,-0.0,0.0004727298368369917,-0.0
17,818.8000000000001,5.401412426467487e-05,0.00011248103458492967,0.003826948678355554,-0.0,0.0004052469969339509,-0.0,-0.0,-0.0,0.0004260816439864707,-0.0
18,836.6,0.00012505017777488434,0.00014103674570094602,0.003547367288456831,-0.0,0.0003992320085958047,-0.0,-0.0,-0.0,0.0005586897627138062,-0.0
19,854.4000000000001,0.0001713976184833203,0.000333825885534987,0.0037666592112426053,-0.0,0.0003414074231127488,-0.0,-0.0,-0.0,0.0006422716165777306,-0.0
20,872.2,0.00023252108844641763,0.00036818408588791985,0.003583691755951404,-0.0,0.0003627912091229125,1.780454334737898e-05,-0.0,-0.0,0.0007372034534926117,-0.0
21,890.0,0.00015910228487813264,0.00020823410638789007,0.0032155701723475282,-0.0,0.00043476094593974257,4.290979836739446e-05,-0.0,-0.0,0.0010631311917313874,-0.0
22,907.8000000000001,0.00015528271523843296,0.0001533494081346572,0.002794502205956644,-0.0,0.00042233601430929766,7.104715920710601e-05,-0.0,-0.0,0.0012924980296948072,-0.0
23,925.6,0.00012686873617528613,0.00015830270950006848,0.0023423123153577,-0.0,0.00048394161942440304,6.94488797178806e-05,-0.0,-0.0,0.0013577753539195804,-0.0
24,943.4000000000001,0.00016421292551719997,0.00017872319801035184,0.0020053512168194546,-0.0,0.0005028293562547859,8.881677001962465e-05,-0.0,-0.0,0.0013079811036769905,-0.0
25,961.2,0.00014517996491099832,0.00020711708546174276,0.001843561740636589,-0.0,0.00046812998090654025,9.619402847731887e-05,-0.0,-0.0,0.0013781317279611,-0.0
26,979.0,8.940260734426148e-05,0.00013680857472322445,0.0015249400615302163,-0.0,0.00036324754543073186,8.790629403727608e-05,-0.0,-0.0,0.0015716840940592396,-0.0
27,996.8000000000001,5.9842941084869525e-05,8.220797751126672e-05,0.001270088766370448,5.4477466426744884e-05,0.00028872174796902344,5.419483723779325e-05,-0.0,-0.0,0.0016182133911304684,-0.0
28,1014.6,0.0001125503200042028,7.651013230059506e-05,0.0012969399273931785,0.00020220460088973924,0.0001886227521805985,7.924563388810005e-05,-0.0,-0.0,0.001596191060618642,-0.0
29,1032.4,6.35892056293357e-05,5.506346321077887e-05,0.0005287518575633457,6.473976477023253e-05,7.197399274672585e-05,5.662196525442045e-05,-0.0,-0.0,0.0017632800916468606,-0.0
30,1050.2,4.323081034647158e-06,2.6619448203616672e-06,5.907862597035813e-05,-0.0,1.567800307629404e-06,-0.0,-0.0,-0.0,0.001258194672064264,-0.0
31,1068.0,-0.0,-0.0,-0.0,-0.0,-0.0,-0.0,-0.0,-0.0,0.0008393373252122021,-0.0
32,1085.8,8.113132636832175e-06,3.000757280974384e-06,-0.0,-0.0,-0.0,-0.0,-0.0,-0.0,0.0007107463481191502,-0.0
33,1103.6000000000001,3.498442292970785e-05,3.1539235962461055e-05,1.5492148910170358e-05,-0.0,1.9207605104281356e-05,1.7555440046356308e-05,-0.0,-0.0,0.00042534665022311586,-0.0
34,1121.4,5.0404306938603576e-05,5.095907222049166e-05,5.939278860547215e-05,2.5848763636181528e-05,4.3496541697107036e-05,4.238532174922169e-05,-0.0,-0.0,0.0003407381784242455,-0.0
35,1139.2,6.85398891405005e-05,7.760749735182818e-05,0.00019534468731932962,7.37942456695478e-05,7.259693397005491e-05,7.11521911111714e-05,3.686236178440776e-05,-0.0,0.0002878404262563197,-0.0
36,1157.0,8.118897212249243e-05,9.632585838658654e-05,0.00020309211277345565,9.681734568499638e-05,9.143086589961445e-05,8.804737165079952e-05,6.115186262897163e-05,-0.0,0.0001981895411708288,-0.0
37,1174.8,8.611829395650839e-05,0.00010034174528683602,0.00016870484026434898,9.651375157877043e-05,9.760397320092648e-05,9.729134941383998e-05,6.180977021479517e-05,-0.0,0.00014318344554048457,-0.0
38,1192.6000000000001,8.262045592353884e-05,9.863176322785995e-05,0.00013703821731104538,0.00010285358473888264,9.94431543643627e-05,9.931240458526639e-05,5.52589505950828e-05,-0.0,9.661995732999856e-05,-0.0
39,1210.4,5.959260869721079e-05,7.475343826628923e-05,0.00014653255975744872,0.0005615630378795004,8.412530065611701e-05,8.416905674989734e-05,7.470107154952924e-05,-0.0,6.635484468724812e-05,-0.0
40,1228.2,3.118014497416135e-05,7.399098306082473e-05,0.00017915382775154817,0.0016003788480487547,0.00010920178735924393,8.472636371693282e-05,-0.0,-0.0,5.918902973283977e-05,-0.0
41,1246.0,6.580256902535187e-05,0.00011663720550370635,0.00047354927786583616,0.0007043949689266016,0.00018430743139300016,0.00024028250275871438,-0.0,-0.0,0.0003595840545252754,-0.0
42,1263.8,3.481340539093528e-05,7.392355152940348e-05,0.0003813916312252657,0.00025171439562542895,0.0003105628760122131,0.00031512172246497757,-0.0,-0.0,0.00048032381985809987,-0.0
43,1281.6000000000001,5.225526326253288e-05,4.1072775849040337e-05,0.00047050207818939585,0.00026034829851213134,0.00047300036171472057,0.0004148987181180553,-0.0,-0.0,0.0006392480251271557,-0.0
44,1299.4,0.00011145134435211749,5.831407480112146e-05,0.0006390028241414514,3.6766337978963325e-05,0.0006645532890140657,0.0006644598823471432,-0.0,-0.0,0.0008448669891067695,-0.0
45,1317.2,0.00015971987383686643,7.943835230996842e-05,0.0006118465826978098,-0.0,0.0007736024476656108,0.0009549014551395603,-0.0,-0.0,0.0010851333056110973,-0.0
46,1335.0,0.00017576040232881573,8.641098335712497e-05,0.000524762686616927,-0.0,0.0008601811967361751,0.0011149040180803574,-0.0,-0.0,0.0012338927069893986,-0.0
47,1352.8,0.00015773816011584,9.696349755708975e-05,0.0003524870645422832,-0.0,0.0009303150955140031,0.0013652160688265825,-0.0,-0.0,0.0013583690836054686,-0.0
48,1370.6000000000001,0.00014176171613003595,5.915539520427575e-05,0.00013877088907954217,-0.0,0.0009685661178368651,0.0016493413848411055,-0.0,-0.0,0.0015397393400470233,-0.0
49,1388.4,0.00015094329436625596,6.15421768874261e-05,-0.0,-0.0,0.0010571903586924394,0.0019215177062507347,-0.0,-0.0,0.0017685627892959448,-0.0
50,1406.2,0.0001597336160294905,6.215341041793892e-05,-0.0,-0.0,0.0011505895923326268,0.0022176404525380265,-0.0,-0.0,0.001917035990177473,-0.0
51,1424.0,0.0001686453563096592,6.498632385919654e-05,-0.0,-0.0,0.0011882847751734065,0.0025703768298849586,-0.0,-0.0,0.001989701898192188,-0.0
52,1441.8,0.00020292817341144824,9.656123851672578e-05,-0.0,-0.0,0.0011933119459564701,0.002854691608064507,-0.0,-0.0,0.002094208998108331,-0.0
53,1459.6000000000001,0.00021376014625839142,0.00010764833157659326,-0.0,-0.0,0.0011744675208554339,0.003071945975974064,-0.0,-0.0,0.002040931853991565,-0.0
54,1477.4,0.00023468235792126083,0.00014020612585007825,-0.0,-0.0,0.001175938898181516,0.003148192637831238,-0.0,-0.0,0.002027873774838588,-0.0
55,1495.2,0.00030929796898277156,0.00018370164243168409,-0.0,-0.0,0.0011773989394516298,0.0031773608731166412,-0.0,-0.0,0.0018957832657754891,-0.0
56,1513.0,0.0005993524343301927,0.00019280258344974715,-0.0,-0.0,0.0011601071172353487,0.0031495121327323925,-0.0,-0.0,0.00181145145472418,-0.0
57,1530.8,0.0008379938258590612,0.00019552113146405212,-0.0,-0.0,0.0011616316658260252,0.0032057975751414104,-0.0,-0.0,0.001702558865942786,-0.0
58,1548.6000000000001,0.001011998203541598,0.00022064880250386397,-0.0,-0.0,0.001190278726861415,0.003355759238034245,-0.0,-0.0,0.0015775515039587512,-0.0
59,1566.4,0.0012271872602375492,0.00024409338303230655,-0.0,-0.0,0.0012481248534095383,0.0035515208614685457,-0.0,-0.0,0.001431368094094909,-0.0
60,1584.2,0.0014979447835335852,0.0002859717298148296,-0.0,-0.0,0.0013407075394368964,0.00369759830867916,-0.0,-0.0,0.0012372004287880347,-0.0
61,1602.0,0.0018162114718999955,0.00030659517274945493,-0.0,-0.0,0.0014212522726626561,0.0038199222373413704,-0.0,-0.0,0.0010337951423505759,-0.0
62,1619.8,0.002138151366615905,0.0003284122469682328,-0.0,-0.0,0.0015057722749678081,0.0039244485335669975,-0.0,-0.0,0.0008255935431275604,-0.0
63,1637.6000000000001,0.0023926992749929914,0.00035271267279562995,-0.0,-0.0,0.001626739950159861,0.003980840199927455,-0.0,-0.0,0.0005794429372893691,-0.0
64,1655.4,0.0025963134995908403,0.00036731413981671977,-0.0,-0.0,0.001745667407754936,0.0040111206678763965,-0.0,-0.0,0.00034696305964190344,-0.0
65,1673.2,0.002733500042464203,0.0003717497872237901,-0.0,-0.0,0.0017918705600389717,0.004124459904406588,-0.0,-0.0,8.60793181536246e-05,-0.0
66,1691.0,0.002936868707914035,0.0003733621440672024,-0.0,-0.0,0.0018163665723237759,0.004224713467363844,-0.0,-0.0,-0.0,-0.0
67,1708.8000000000002,0.0031802893075207374,0.00036036489789402157,-0.0,-0.0,0.001725393582106726,0.004387660031600801,-0.0,-0.0,-0.0,-0.0
68,1726.6000000000001,0.003395218552311491,0.0004999916282535911,-0.0,-0.0,0.0016897295380050288,0.004354516828399208,-0.0,-0.0,-0.0,-0.0
69,1744.4,0.0035755248406665456,0.0005198818484483649,-0.0,-0.0,0.0016336784261283008,0.004261085137278824,-0.0,-0.0,-0.0,-0.0
70,1762.2,0.0036938592433758207,0.0006729949281444977,-0.0,-0.0,0.0015706868419741447,0.00399199298550123,-0.0,-0.0,-0.0,-0.0
71,1780.0,0.0037834060296485393,0.0008556062546855805,-0.0,-0.0,0.0014309410602135503,0.0036478022434379477,-0.0,-0.0,-0.0,-0.0
72,1797.8000000000002,0.003854209991909471,0.001029323225205164,-0.0,-0.0,0.0012348003905501012,0.0031816026983675708,-0.0,-0.0,-0.0,-0.0
73,1815.6000000000001,0.003900301114081521,0.001212156887014456,-0.0,-0.0,0.0009971525918721575,0.002590625311297288,-0.0,-0.0,-0.0,-0.0
74,1833.4,0.003906423421313025,0.001389174391383128,-0.0,-0.0,0.000714892576049257,0.0019987032097472284,-0.0,-0.0,-0.0,-0.0
75,1851.2,0.0038693038741796316,0.0014824944090347555,-0.0,-0.0,0.00035747006949738206,0.001631091661260369,-0.0,-0.0,-0.0,-0.0
76,1869.0,0.003858675403004081,0.0019689278834690185,-0.0,-0.0,3.0496616244410767e-05,0.0010818300639647942,-0.0,-0.0,-0.0,-0.0
77,1886.8000000000002,0.003921638112747199,0.002452994444132447,-0.0,-0.0,-0.0,5.516834427158536e-05,-0.0,-0.0,-0.0,-0.0
78,1904.6000000000001,0.004005033796241262,0.0012007573113948142,-0.0,-0.0,-0.0,-0.0,-0.0,-0.0,-0.0,-0.0
79,1922.4,0.0040602370435542665,-0.0,-0.0,-0.0,-0.0,-0.0,-0.0,-0.0,-0.0,-0.0
80,1940.2,0.0032564565728304766,-0.0,-0.0,-0.0,-0.0,-0.0,-0.0,-0.0,-0.0,-0.0
81,1958.0,0.00243788439896458,-0.0,-0.0,-0.0,-0.0,-0.0,-0.0,-0.0,-0.0,-0.0
82,1975.8000000000002,0.002142553220689316,-0.0,-0.0,-0.0,-0.0,-0.0,-0.0,-0.0,-0.0,-0.0
83,1993.6000000000001,0.0020030883795561032,-0.0,-0.0,-0.0,-0.0,-0.0,-0.0,-0.0,-0.0,-0.0
84,2011.4,0.002219903263633681,-0.0,-0.0,-0.0,-0.0,-0.0,-0.0,-0.0,-0.0,-0.0
85,2029.2,0.0027821157128175076,-0.0,-0.0,-0.0,-0.0,-0.0,-0.0,-0.0,-0.0,-0.0
86,2047.0,0.0034890355578593387,-0.0,-0.0,-0.0,-0.0,-0.0,-0.0,-0.0,-0.0,-0.0
87,2064.8,0.0035091167694584653,0.001256314911837925,-0.0,-0.0,-0.0,-0.0,-0.0,-0.0,-0.0,-0.0
88,2082.6,0.003839246826758632,0.0017348458799338732,-0.0,-0.0,0.00018362468305311398,5.222205883468866e-05,-0.0,-0.0,-0.0,-0.0
89,2100.4,0.0038585349864238,0.0010297286022093587,-0.0,-0.0,0.0006602017419620654,2.8219945775639732e-05,-0.0,-0.0,-0.0,-0.0
90,2118.2000000000003,0.003838660958957761,0.0008368112059707739,-0.0,-0.0,0.000948291230491527,1.8704488755887226e-05,-0.0,-0.0,-0.0,-0.0
91,2136.0,0.0038118209488990965,0.0007662591224066082,-0.0,-0.0,0.001212287373642744,6.963921780820446e-05,-0.0,-0.0,-0.0,-0.0
92,2153.8,0.0038580399339480363,0.0007852475532742052,-0.0,-0.0,0.0013347496456366157,5.820524917739302e-05,-0.0,-0.0,-0.0,-0.0
93,2171.6,0.003780368748163472,0.0005894847598682116,-0.0,-0.0,0.0015063504011008984,8.763260807516743e-05,-0.0,-0.0,-0.0,-0.0
94,2189.4,0.0037740270604952704,0.0006676072163226123,-0.0,-0.0,0.0014840152841630047,7.93222973972844e-05,-0.0,-0.0,-0.0,-0.0
95,2207.2000000000003,0.0037122430520920794,0.0005435399626068904,-0.0,-0.0,0.0014727553846633826,0.00011068461839948174,-0.0,-0.0,-0.0,-0.0
96,2225.0,0.003678243144864643,0.0006524439345269655,-0.0,-0.0,0.0013213784659673537,0.00010843392970946573,-0.0,-0.0,-0.0,-0.0
97,2242.8,0.003660033397290572,0.0006954532633210957,-0.0,-0.0,0.0011069545342129283,8.605113346583533e-05,-0.0,-0.0,-0.0,-0.0
98,2260.6,0.003608033580441339,0.0005894711279437701,-0.0,-0.0,0.0008678784041782474,3.075836927734131e-05,-0.0,-0.0,-0.0,-0.0
99,2278.4,0.0033597203628377512,0.0009732793224504943,-0.0,-0.0,0.0005700006699015302,1.8681576849689576e-05,-0.0,-0.0,-0.0,-0.0
100,2296.2000000000003,0.0033602346924092464,0.0015362024637985922,-0.0,-0.0,0.0001733093925955604,1.4018928198322809e-05,-0.0,-0.0,-0.0,-0.0
101,2314.0,0.0035500034461681445,0.000484835502817795,-0.0,-0.0,-0.0,-0.0,-0.0,-0.0,-0.0,-0.0
102,2331.8,0.002988235706821986,-0.0,-0.0,-0.0,-0.0,-0.0,-0.0,-0.0,-0.0,-0.0
103,2349.6,0.0023317818252302103,-0.0,-0.0,-0.0,-0.0,-0.0,-0.0,-0.0,-0.0,-0.0
104,2367.4,0.0018028960141558681,0.0001961961174753478,-0.0,-0.0,-0.0,-0.0,-0.0,-0.0,-0.0,-0.0
105,2385.2000000000003,0.0008695255016326651,0.00021035524152654045,-0.0,-0.0,-0.0,-0.0,-0.0,-0.0,6.065330195538858e-05,-0.0
106,2403.0,-0.0,-0.0,-0.0,-0.0,-0.0,-0.0,-0.0,-0.0,0.0007926309772642244,-0.0
107,2420.8,-0.0,-0.0,-0.0,-0.0,-0.0,-0.0,-0.0,-0.0,0.0011859455749274066,-0.0
108,2438.6,-0.0,-0.0,-0.0,-0.0,-0.0,-0.0,-0.0,-0.0,0.0013038041361699822,-0.0
109,2456.4,-0.0,-0.0,-0.0,-0.0,-0.0,-0.0,-0.0,-0.0,0.0016964014990629127,-0.0
110,2474.2000000000003,-0.0,-0.0,-0.0,-0.0,-0.0,-0.0,-0.0,-0.0,0.0029669614737250953,-0.0
111,2492.0,-0.0,-0.0,-0.0,-0.0,-0.0,-0.0,-0.0,-0.0,0.004663277268927692,-0.0
112,2509.8,-0.0,-0.0,-0.0,-0.0,-0.0,-0.0,-0.0,-0.0,0.0061650162337555285,-0.0
113,2527.6,0.0001771533818792102,0.00011291774763517465,0.0002465170681958993,1.399662116287219e-05,0.00010871015537472405,0.00012210119140027028,-0.0,-0.0,0.006404776479775386,-0.0
114,2545.4,0.00019613850560563646,0.00016678596183491637,3.1970134361197306e-05,1.660405709034686e-05,0.00015069377102666794,0.0003371428365983779,-0.0,-0.0,0.007138995479369729,-0.0
115,2563.2000000000003,0.00015644915613156,0.0001918087995329841,0.00010077736650275086,3.074921948656163e-05,0.00024843627206521404,0.00047463673999842816,-0.0,-0.0,0.007721202306516247,-0.0
116,2581.0,0.000120056071790053,0.00021024778565728667,0.00029526978702547915,2.8875705785823232e-05,0.000330060116209845,0.0005840913273025947,-0.0,-0.0,0.00788000939330296,-0.0
117,2598.8,0.00014579971342376538,0.00020753156146611156,0.0003169458099645266,2.5997030815080943e-06,0.0004131814738638432,0.0006417135999507628,-0.0,-0.0,0.007858486139053263,-0.0
118,2616.6,0.00014327023202050657,0.00016396710785907822,0.0001969436967363889,-0.0,0.00042020282631119373,0.0006979923152936676,-0.0,-0.0,0.007890226740132103,-0.0
119,2634.4,9.003813119065069e-05,0.0001606862616135822,0.00016529995354149242,7.475352915772294e-06,0.00044757224846460455,0.0008150015941215747,-0.0,-0.0,0.007763688362357302,-0.0
120,2652.2000000000003,0.0001274358969255996,0.000203535458845249,0.00018905160083069293,1.2997275119594394e-05,0.000585522214424921,0.0007301837883140702,-0.0,-0.0,0.007496712389381149,-0.0
121,2670.0,0.00012656022333432256,0.0002324538332124375,0.0003067343646289286,3.549450440442209e-06,0.0006561139618107084,0.0006217435487580847,-0.0,-0.0,0.006954654828335423,-0.0
122,2687.8,0.0001929614919774274,0.00027886597687111134,0.0004133752195916822,-0.0,0.0006777717925178228,0.0005124043824977729,-0.0,-0.0,0.00631326423384307,-0.0
123,2705.6,0.0002047728738602046,0.0002448227168937404,0.0004033908265189355,-0.0,0.0007331129830725155,0.00030584969221285536,-0.0,-0.0,0.005539751304558358,-0.0
124,2723.4,0.00022257960640423882,0.0003050395198118759,0.0001865361159516169,1.1866323410344608e-05,0.0007530080771944814,0.00022890953271851832,-0.0,-0.0,0.004703738727818623,-0.0
125,2741.2000000000003,0.00024705129389594423,0.0003844104011910939,5.8749924600025885e-05,5.077406499481183e-05,0.0007610192430519157,0.00025084213251334045,-0.0,-0.0,0.003997301602259635,-0.0
126,2759.0,0.00027975990782915693,0.00040037306962756444,6.527066631816287e-05,9.031433475017577e-05,0.0006800489329672233,0.00018959744797892783,-0.0,-0.0,0.0032310020280568483,-0.0
127,2776.8,0.0003880144321789987,0.0005812752001562453,0.00011023824009975462,9.709817092554738e-05,0.0005470173259246963,0.00013856348440493285,-0.0,-0.0,0.0023747188389175097,-0.0
128,2794.6,0.000771860861245307,0.000944744071954333,0.00036522791722148884,9.202935928791941e-05,0.00022799057985834772,6.388326675170331e-05,-0.0,-0.0,0.0016910594947910386,-0.0
129,2812.4,0.0009163850206512443,0.0008758395027840927,0.0006882622413524678,0.00011976130512751875,0.00016431288242235788,7.861033739371432e-05,-0.0,-0.0,0.001059855060198945,-0.0
130,2830.2000000000003,0.0007379431541961044,0.0009013662662053503,0.000766830454744883,0.00014432139048392546,0.0001309667224302012,7.814317248292077e-05,-0.0,-0.0,0.00045646086363653013,-0.0
131,2848.0,0.0005731848051181542,0.0011247522032382501,6.685030586444674e-05,0.00010459284796001341,7.693088598223247e-05,3.9812531421694353e-05,-0.0,-0.0,-0.0,-0.0
132,2865.8,0.0011328922548064294,0.0005404110140855307,-0.0,-0.0,2.4690912513370248e-05,9.388981323462512e-06,-0.0,-0.0,-0.0,-0.0
133,2883.6,0.0013456585072823442,0.00033962187051778505,-0.0,-0.0,-0.0,-0.0,-0.0,-0.0,-0.0,-0.0
134,2901.4,0.0008968401937166547,4.809564848513417e-05,-0.0,-0.0,-0.0,-0.0,-0.0,-0.0,-0.0,-0.0
135,2919.2000000000003,0.0007882230528304863,1.4410575359232255e-05,-0.0,-0.0,-0.0,-0.0,-0.0,-0.0,-0.0,-0.0
136,2937.0,0.0005005285123776289,3.543378768615028e-07,-0.0,-0.0,-0.0,-0.0,-0.0,-0.0,-0.0,-0.0
137,2954.8,0.0004926625065655099,3.967426042520471e-05,-0.0,-0.0,-0.0,-0.0,-0.0,-0.0,-0.0,-0.0
138,2972.6,0.0003438660484469631,6.580420824633566e-05,-0.0,-0.0,1.681862609579592e-05,1.130134177444343e-05,-0.0,-0.0,-0.0,-0.0
139,2990.4,0.00019094050095666524,5.818532846798546e-05,4.344035207649352e-05,3.893170799277777e-06,3.7960843236164084e-05,3.238121328682404e-05,-0.0,-0.0,-0.0,-0.0
140,3008.2000000000003,0.00011665528855627283,4.4831529283587646e-05,6.351815227575403e-05,1.6183983503691628e-05,3.6337818149999214e-05,3.27321492115361e-05,-0.0,-0.0,7.902341191548152e-06,-0.0
141,3026.0,6.625208460285989e-05,3.040686033811894e-05,0.00018417564857586854,1.1589448187088024e-05,2.686127710479314e-05,2.3068569679680897e-05,-0.0,-0.0,8.465176865035756e-05,-0.0
142,3043.8,2.498030180524433e-05,1.9792036794705554e-05,0.0001677012278235783,-0.0,1.6051402972311098e-05,1.2943974326146125e-05,-0.0,-0.0,3.660653670226786e-05,-0.0
143,3061.6,3.20108441481196e-05,2.545672148963359e-05,0.0001514309921852904,7.6185615887757545e-06,2.5728873433486888e-05,2.2801572019205207e-05,-0.0,-0.0,-0.0,-0.0
144,3079.4,5.118883235375334e-05,3.897241593344402e-05,0.00011540542091029597,2.619281959831575e-05,4.1259195971030066e-05,3.931166602038501e-05,-0.0,-0.0,-0.0,-0.0
145,3097.2000000000003,8.958926363089305e-05,4.772541103091096e-05,0.0001495991268512547,3.856607587501383e-05,4.996983793217097e-05,4.843485266626749e-05,6.977231110063226e-06,-0.0,4.327845173523357e-06,-0.0
146,3115.0,0.0001230731312558478,5.629681303171316e-05,0.00023226559012626768,5.075188567807762e-05,5.6392737145415304e-05,5.4679730314769505e-05,1.0852174180167621e-05,-0.0,0.0001305991568474906,-0.0
147,3132.8,5.3698158432095297e-05,6.40616751368923e-05,0.0002668121094234777,7.46026335731799e-05,5.938084741008064e-05,5.863911813315128e-05,9.317217131578394e-06,-0.0,0.0001187377144879992,-0.0
148,3150.6,5.1416202162033164e-05,6.430197091407962e-05,0.000311268866078799,6.201920278485005e-05,5.84908850305735e-05,5.7979460155956926e-05,5.673777187280969e-06,-0.0,7.137247279255137e-05,-0.0
149,3168.4,3.593878134488227e-05,4.881557901477441e-05,0.0003410989486105398,4.643460005585655e-05,4.404072363123231e-05,4.337693899593407e-05,-0.0,-0.0,8.137387038838746e-05,-0.0
150,3186.2000000000003,-0.0,1.3502425233948228e-05,0.00035254901145824984,9.036182718289671e-05,8.173433853925064e-06,5.909185499710837e-06,-0.0,-0.0,0.00012096538291519706,-0.0
151,3204.0,-0.0,1.0681346126073578e-05,0.0003215000711097235,0.0001270624373945652,4.629768822886057e-06,2.3657309250801136e-06,-0.0,-0.0,0.00011041762521134016,-0.0
152,3221.8,-0.0,-0.0,0.00030225104738660415,0.0003251821201246858,-0.0,-0.0,-0.0,-0.0,0.000191642285299364,-0.0
153,3239.6,-0.0,9.347060945902937e-06,0.00021544497657711504,0.00048058961536183485,-0.0,-0.0,-0.0,-0.0,0.0001671477877949668,-0.0
154,3257.4,-0.0,3.12163242795001e-05,0.00027433877378184047,0.00038571206660096034,-0.0,-0.0,-0.0,-0.0,0.00012930874408330017,-0.0
155,3275.2000000000003,6.523182852584232e-05,0.0002030220251886215,0.0004774443468399486,0.0003065153339546037,7.10923095994201e-05,7.378225552479348e-05,-0.0,-0.0,0.00016248660641709345,-0.0
156,3293.0,0.0001082794700474932,0.0004611043915434901,0.0005967355935841727,0.0003355485670599116,9.82643474167184e-05,0.00010459794645813471,-0.0,-0.0,8.949935749866998e-05,-0.0
157,3310.8,8.890763564212527e-05,0.0008305390978572864,0.0005701712733961314,0.0002431152298765069,9.2282319702813e-05,9.739739578351656e-05,-0.0,-0.0,0.00019499685826906217,-0.0
158,3328.6,3.8297429704557e-05,0.001109556388290825,0.0003926763202634959,0.0003633825267300775,6.199207085081541e-05,7.420687592561383e-05,-0.0,-0.0,0.0002512893962806234,-0.0
159,3346.4,-0.0,0.001484365862087022,0.00022087476816530952,0.00040395607380097045,3.845349733788345e-06,3.7915630196257204e-05,-0.0,-0.0,0.00023080292138038933,-0.0
160,3364.2000000000003,-0.0,0.0017842842755805156,0.00019012859308249795,0.00041423318119366924,-0.0,-0.0,-0.0,-0.0,0.0002051423824945389,-0.0
161,3382.0,-0.0,0.0020072043963181713,7.035579523691298e-05,0.00032603762245511723,-0.0,-0.0,-0.0,-0.0,0.00015983702507945137,-0.0
162,3399.8,-0.0,0.0020584630831156046,-0.0,0.0001719735598879418,-0.0,-0.0,-0.0,-0.0,0.0001088705534566164,-0.0
163,3417.6000000000004,-0.0,0.0022592799103844916,7.345336911254364e-06,5.8423701343236856e-05,-0.0,-0.0,-0.0,-0.0,7.539491616933631e-05,-0.0
164,3435.4,-0.0,0.002474874001991379,-0.0,-0.0,-0.0,-0.0,-0.0,-0.0,-0.0,-0.0
165,3453.2000000000003,-0.0,0.0026025969804310454,-0.0,-0.0,-0.0,-0.0,-0.0,-0.0,-0.0,-0.0
166,3471.0,-0.0,0.002677414256724823,-0.0,-0.0,-0.0,-0.0,-0.0,-0.0,-0.0,-0.0
167,3488.8,-0.0,0.002639776733828556,-0.0,-0.0,-0.0,-0.0,-0.0,-0.0,-0.0,-0.0
168,3506.6000000000004,-0.0,0.0027195402704794426,-0.0,-0.0,-0.0,-0.0,-0.0,-0.0,-0.0,-0.0
169,3524.4,-0.0,0.0027063649251237235,-0.0,-0.0,-0.0,-0.0,-0.0,-0.0,-0.0,-0.0
170,3542.2000000000003,-0.0,0.002661936554687118,-0.0,-0.0,-0.0,-0.0,-0.0,-0.0,-0.0,-0.0
171,3560.0,-0.0,0.002510661271373857,-0.0,-0.0,-0.0,-0.0,-0.0,-0.0,-0.0,-0.0
172,3577.8,-0.0,0.002517117271131607,-0.0,-0.0,-0.0,-0.0,-0.0,-0.0,-0.0,-0.0
173,3595.6000000000004,-0.0,0.0025600740099049144,-0.0,-0.0,-0.0,-0.0,-0.0,-0.0,-0.0,-0.0
174,3613.4,-0.0,0.0029628243202671563,-0.0,-0.0,-0.0,-0.0,-0.0,-0.0,-0.0,-0.0
175,3631.2000000000003,-0.0,0.0030604342001641655,-0.0,-0.0,-0.0,-0.0,-0.0,-0.0,-0.0,-0.0
176,3649.0,-0.0,0.0031175878339162514,-0.0,-0.0,-0.0,-0.0,-0.0,-0.0,-0.0,-0.0
177,3666.8,-0.0,0.0032464176414975805,-0.0,-0.0,1.0632837458620631e-05,-0.0,-0.0,-0.0,-0.0,-0.0
178,3684.6000000000004,-0.0,0.003437464678795318,-0.0,-0.0,4.887967218487555e-05,-0.0,-0.0,-0.0,-0.0,-0.0
179,3702.4,-0.0,0.0035040085855780963,-0.0,-0.0,6.976630033059677e-05,-0.0,-0.0,-0.0,-0.0,-0.0
180,3720.2000000000003,-0.0,0.0035153794507135727,-0.0,-0.0,3.738105673852782e-05,-0.0,-0.0,-0.0,-0.0,-0.0
181,3738.0,-0.0,0.0036976306802531315,4.623274687871346e-06,-0.0,5.7797487407613885e-05,3.136759844520317e-06,-0.0,-0.0,-0.0,-0.0
182,3755.8,-0.0,0.003753874898852423,0.00010865637432896576,-0.0,6.289432217121525e-05,9.459597429202537e-07,-0.0,-0.0,-0.0,-0.0
183,3773.6000000000004,-0.0,0.0037362133655440733,0.00018091995738360185,-0.0,9.961842728229812e-05,-0.0,-0.0,-0.0,-0.0,-0.0
184,3791.4,-0.0,0.0035729028452359214,0.00016705096035759637,-0.0,0.00017118570115599489,4.645442006284472e-06,-0.0,-0.0,-0.0,-0.0
185,3809.2000000000003,-0.0,0.0036198539312971966,3.3115064672107795e-05,-0.0,0.0001856341003125263,-0.0,-0.0,-0.0,-0.0,-0.0
186,3827.0,-0.0,0.0035437693666245753,4.932629734517448e-05,-0.0,0.00021751132546647475,2.562408685421449e-07,-0.0,-0.0,-0.0,-0.0
187,3844.8,-0.0,0.0031440988924320954,6.694331245517206e-05,-0.0,0.0002380365450572891,-0.0,-0.0,-0.0,-0.0,-0.0
188,3862.6000000000004,-0.0,0.0029683150428117984,0.0001246209460196106,-0.0,0.0002503245335952391,-0.0,-0.0,-0.0,-0.0,-0.0
189,3880.4,-0.0,0.002815816367255281,7.606861318543707e-05,-0.0,0.000215398191041136,-0.0,-0.0,-0.0,-0.0,-0.0
190,3898.2000000000003,3.453049053632622e-05,0.002642954744502997,2.7848847758133545e-05,-0.0,0.00022726187521366915,3.561601061137425e-05,-0.0,-0.0,-0.0,-0.0
191,3916.0,7.722424332251603e-05,0.002310310656244834,-0.0,-0.0,0.00021114383579577152,5.625585087624531e-05,-0.0,-0.0,-0.0,-0.0
192,3933.8,9.249871095827722e-05,0.0019912845229789772,3.167589455481146e-05,-0.0,0.00021163425541775155,6.866270711623784e-05,-0.0,-0.0,-0.0,-0.0
193,3951.6000000000004,0.00010026504237814388,0.0017123910130826155,5.4530554875693876e-05,-0.0,0.00017535440556870992,7.36652936983606e-05,-0.0,-0.0,-0.0,-0.0
194,3969.4,5.744192007475531e-05,0.0013550146787739278,0.00028762691552987373,5.78651938084936e-05,0.00010645562377321758,4.617220594165845e-05,-0.0,-0.0,-0.0,-0.0
195,3987.2000000000003,1.62440703682998e-05,0.0008986492465636172,0.0004255384840437291,0.00021281441755632347,8.970066559688559e-05,1.58771991832836e-05,-0.0,-0.0,-0.0,-0.0
196,4005.0,6.827554317245013e-05,0.0007655034591633286,0.0003436096201321933,0.0001827870446723763,0.00010165643407906838,7.844465318708303e-05,-0.0,-0.0,-0.0,-0.0
197,4022.8,0.00010296003048232771,0.0006511146562046767,0.0002630595922954878,0.0001699042371822472,0.00013452727804897844,0.00010881824057425587,-0.0,-0.0,-0.0,-0.0
198,4040.6000000000004,0.00015098676233204244,0.00026439869218931373,0.00019712817754780366,0.00014427041795413042,0.0001830700500851715,0.00016284173969722057,-0.0,-0.0,-0.0,-0.0
199,4058.4,0.00011133083038069768,0.0001523570936575696,0.00011640810942443323,9.668012491576224e-05,0.0001336235077043609,0.00011930924172258407,-0.0,-0.0,-0.0,-0.0
200,4076.2000000000003,6.857409952937432e-05,8.231337317749602e-05,0.0001123869908988488,5.2829524160028734e-05,7.828938197485086e-05,6.253683801819525e-05,-0.0,-0.0,8.010486626167333e-06,-0.0
201,4094.0,3.8104435320802524e-05,4.6612949746564326e-05,8.29743460837618e-05,2.015432042808766e-05,3.971675193469162e-05,3.392827519213128e-05,-0.0,-0.0,3.07529606599409e-05,-0.0
202,4111.8,2.0809395733193065e-05,2.7718271971429652e-05,0.00013076224991549794,1.2394393154289666e-05,2.3792514818963906e-05,2.0871029615270492e-05,-0.0,-0.0,8.593739237007514e-05,-0.0
203,4129.6,8.170044916261867e-05,8.359587049640352e-05,0.00020853761598963198,0.00012303434969683117,7.98843278411027e-05,7.771093245860672e-05,-0.0,-0.0,0.00027694905216088387,-0.0
204,4147.400000000001,0.00012560453189327728,0.00012063695317708445,0.0002101645066095729,0.00030029863570564714,0.00017994626477662475,0.00011831336899592288,-0.0,-0.0,0.0002481241043983389,-0.0
205,4165.2,0.00012376212889758585,0.00015858347861351575,0.00018395680274498316,0.00022993213208906957,0.000394034887433167,0.0001590517151569371,-0.0,-0.0,0.00013708916830263768,-0.0
206,4183.0,0.00015035522230244852,0.00025823969603845534,0.0002100666416176795,0.00016434196608464295,0.0005854561633473215,0.0001901235640574991,-0.0,-0.0,0.00016949841782425653,-0.0
207,4200.8,0.00015439479574316285,0.00030435033031683877,0.00021853780025170573,0.0001618460740400756,0.0007933064379750061,0.00019780180351193526,-0.0,-0.0,0.0002024848743221585,-0.0
208,4218.6,0.00011044799587811854,0.00038909676526304295,0.00014358804504059912,9.09976655598798e-05,0.0009811070649151106,0.00014335134404470226,-0.0,-0.0,0.0001488127561473425,-0.0
209,4236.400000000001,4.328111899264841e-05,0.0004958991947780281,1.7901594669033675e-05,-0.0,0.0011650888907824243,7.64180806433185e-05,-0.0,-0.0,2.5346800924624803e-05,-0.0
210,4254.2,2.196983494374219e-05,0.0005441724818609105,-0.0,-0.0,0.0013857482904371503,0.00030783215770143526,-0.0,-0.0,-0.0,-0.0
211,4272.0,0.00011024154486247391,0.0006362558897001262,-0.0,-0.0,0.0016176003163203222,0.0006144348541303181,-0.0,-0.0,-0.0,-0.0
212,4289.8,0.0001600190174248563,0.0007921195788044601,-0.0,-0.0,0.001830633685962914,0.0008920398652320945,-0.0,-0.0,-0.0,-0.0
213,4307.6,0.0001910819852075718,0.000885181218292699,-0.0,-0.0,0.002036131361553311,0.00115744383137096,-0.0,-0.0,-0.0,-0.0
214,4325.400000000001,0.00020298935453935658,0.0009572123442256502,-0.0,-0.0,0.002222559627626219,0.0013856086086672967,-0.0,-0.0,-0.0,-0.0
215,4343.2,0.00026246349782406165,0.0010422598525028004,-0.0,-0.0,0.002351046194142193,0.001598957899845456,-0.0,-0.0,-0.0,-0.0
216,4361.0,0.00030491536354918387,0.0010763225312322173,-0.0,-0.0,0.0023884163595270596,0.0018629341317046503,-0.0,-0.0,-0.0,-0.0
217,4378.8,0.00036674012569474633,0.001159007850112884,-0.0,-0.0,0.002469351742123462,0.0019472646808830695,-0.0,-0.0,-0.0,-0.0
218,4396.6,0.000459963273532759,0.001233210946206167,-0.0,-0.0,0.0024747216319296198,0.001953772066649168,-0.0,-0.0,-0.0,-0.0
219,4414.400000000001,0.00044697110341428907,0.0012864541286510462,-0.0,-0.0,0.0025124865249778997,0.0019000115309375247,-0.0,-0.0,-0.0,-0.0
220,4432.2,0.0004985564952434199,0.001305113154978134,-0.0,-0.0,0.002518722146840188,0.0017132459139380329,-0.0,-0.0,-0.0,-0.0
221,4450.0,0.0005167755890318792,0.001275771842684318,-0.0,-0.0,0.002502325392296699,0.0015500224530142124,-0.0,-0.0,-0.0,-0.0
222,4467.8,0.0005476932998620847,0.001206142699913488,-0.0,-0.0,0.002484068660839901,0.001281449590528843,-0.0,-0.0,-0.0,-0.0
223,4485.6,0.0005542552357553725,0.0011746266286337167,-0.0,-0.0,0.0024407406554007496,0.0009361122676294732,-0.0,-0.0,-0.0,-0.0
224,4503.400000000001,0.000585574711270166,0.0011855460376789505,-0.0,-0.0,0.002384704263874095,0.00047851538174557075,-0.0,-0.0,-0.0,-0.0
225,4521.2,0.0005661740685208436,0.001210767081122399,-0.0,-0.0,0.0022449785176229197,0.00011743661241680702,-0.0,-0.0,-0.0,-0.0
226,4539.0,0.0004280995202084613,0.001189721149188763,-0.0,-0.0,0.0019494924807321136,4.029337038426878e-05,-0.0,-0.0,-0.0,-0.0
227,4556.8,0.00033343770192044707,0.0011755188977215537,-0.0,-0.0,0.001639514338690563,-0.0,-0.0,-0.0,-0.0,-0.0
228,4574.6,0.00030812798293621745,0.0011692994537281576,-0.0,-0.0,0.001374475472961506,-0.0,-0.0,-0.0,-0.0,-0.0
229,4592.400000000001,0.00032097732944441485,0.0011463851942197915,-0.0,-0.0,0.0011455122615334527,7.325039974198519e-05,-0.0,-0.0,-0.0,-0.0
230,4610.2,0.00035425512014003934,0.00116959331140405,-0.0,-0.0,0.0008576313783756587,0.00014684768695750577,-0.0,-0.0,-0.0,-0.0
231,4628.0,0.000308299494909836,0.0010823113039984758,-0.0,-0.0,0.0005323199189405264,9.112244792507282e-05,-0.0,-0.0,1.2755789194553589e-05,-0.0
232,4645.8,0.00023174988353413968,0.0009553156563589802,-0.0,-0.0,0.00024440911798605366,-0.0,-0.0,-0.0,0.00026409706226345354,-0.0
233,4663.6,0.00019179587823388487,0.0009213593157794886,6.492164505095736e-05,-0.0,7.972389723676951e-05,1.316536065643332e-05,-0.0,-0.0,0.00042724464080750105,-0.0
234,4681.400000000001,-0.0,0.000712980863620397,-0.0,-0.0,1.4738799925875844e-05,-0.0,0.00021331053388346126,-0.0,0.00037512780962515945,-0.0
235,4699.2,-0.0,0.0005120106195868649,-0.0,-0.0,-0.0,-0.0,-0.0,-0.0,0.00019016080999171675,-0.0
236,4717.0,-0.0,0.0004849797260856969,-0.0,-0.0,-0.0,-0.0,-0.0,-0.0,-0.0,-0.0
237,4734.8,-0.0,0.0005621000536467413,-0.0,-0.0,-0.0,-0.0,-0.0,-0.0,-0.0,-0.0
238,4752.6,-0.0,0.0006277893398284293,-0.0,-0.0,-0.0,-0.0,-0.0,-0.0,-0.0,-0.0
239,4770.400000000001,1.7187843373286047e-05,0.0006303806144123411,-0.0,-0.0,-0.0,-0.0,-0.0,-0.0,-0.0,-0.0
240,4788.2,5.407709633614658e-05,0.0009349511593468039,-0.0,-0.0,-0.0,-0.0,-0.0,-0.0,-0.0,-0.0
241,4806.0,0.00013266184822104436,0.0010912419299533268,-0.0,-0.0,-0.0,-0.0,-0.0,-0.0,-0.0,-0.0
242,4823.8,-0.0,0.0013798578813968493,-0.0,-0.0,-0.0,-0.0,-0.0,-0.0,-0.0,-0.0
243,4841.6,-0.0,0.0017240217083946078,-0.0,-0.0,-0.0,-0.0,-0.0,-0.0,-0.0,-0.0
244,4859.400000000001,3.141680327800085e-05,0.0019773694379815257,-0.0,-0.0,5.160985716871868e-05,-0.0,-0.0,-0.0,-0.0,-0.0
245,4877.2,1.3199805053608247e-05,0.0020104952803626877,-0.0,-0.0,9.17914130609309e-05,-0.0,-0.0,-0.0,-0.0,-0.0
246,4895.0,2.4383817313278966e-05,0.0019415629142700453,-0.0,-0.0,0.00015932320403155574,-0.0,-0.0,-0.0,-0.0,-0.0
247,4912.8,2.3144867822165316e-05,0.0020107570771363344,-0.0,2.3795597850974848e-06,0.00021712343533019586,2.3921203160669603e-05,-0.0,-0.0,-0.0,-0.0
248,4930.6,1.021267405543142e-05,0.0019042739711012118,-0.0,1.892659244043459e-06,0.000286797940550713,1.8561529090061674e-05,-0.0,-0.0,-0.0,-0.0
249,4948.400000000001,-0.0,0.0017852525454655625,-0.0,-0.0,0.00037884583511485406,-0.0,-0.0,-0.0,-0.0,-0.0
250,4966.2,-0.0,0.0016606467784586953,-0.0,-0.0,0.0004282361553768508,-0.0,-0.0,-0.0,-0.0,-0.0
251,4984.0,-0.0,0.001574027805120458,-0.0,-0.0,0.0005370594518106388,-0.0,-0.0,-0.0,-0.0,-0.0
252,5001.8,-0.0,0.001456619615260177,-0.0,-0.0,0.0006771177060770535,-0.0,-0.0,-0.0,-0.0,-0.0
253,5019.6,-0.0,0.0013298969642854942,-0.0,-0.0,0.0008319748755190636,-0.0,-0.0,-0.0,-0.0,-0.0
254,5037.400000000001,7.3282923221685076e-06,0.0012690459710875306,-0.0,-0.0,0.0009803118477763096,-0.0,-0.0,-0.0,-0.0,-0.0
255,5055.2,1.7834924571237942e-05,0.0010864093321974943,-0.0,-0.0,0.0011622739804217597,-0.0,-0.0,-0.0,-0.0,-0.0
256,5073.0,-0.0,0.0008884161728179843,-0.0,-0.0,0.0013154561780149004,-0.0,-0.0,-0.0,-0.0,-0.0
257,5090.8,-0.0,0.0007325693281259197,-0.0,-0.0,0.0014502471345443104,-0.0,-0.0,-0.0,-0.0,-0.0
258,5108.6,5.668437153290679e-06,0.0006384821335727031,-0.0,-0.0,0.001594587956375297,-0.0,-0.0,-0.0,-0.0,-0.0
259,5126.400000000001,6.018340631784307e-06,0.0005231024035375052,-0.0,-0.0,0.0017171476864050537,-0.0,-0.0,-0.0,-0.0,-0.0
260,5144.2,-0.0,0.0004997313906141636,-0.0,-0.0,0.0017969146517894162,-0.0,-0.0,-0.0,-0.0,-0.0
261,5162.0,-0.0,0.000326434819632387,-0.0,-0.0,0.001839786326606347,-0.0,-0.0,-0.0,-0.0,-0.0
262,5179.8,-0.0,0.0002703889070470294,-0.0,-0.0,0.001954477433533444,-0.0,-0.0,-0.0,-0.0,-0.0
263,5197.6,3.2638710133777826e-05,0.0002358899003682968,-0.0,-0.0,0.0020329800440974173,-0.0,-0.0,-0.0,-0.0,-0.0
264,5215.400000000001,6.25907624688743e-05,0.00027254205888356894,-0.0,-0.0,0.002087280848479153,-0.0,-0.0,-0.0,-0.0,-0.0
265,5233.2,5.232584297690883e-05,0.0002408179944770816,-0.0,-0.0,0.0020627018595659164,-0.0,-0.0,-0.0,-0.0,-0.0
266,5251.0,6.815681107298581e-05,0.00025317514769924597,-0.0,-0.0,0.002062161598159843,-0.0,-0.0,-0.0,-0.0,-0.0
267,5268.8,9.604180715329641e-06,0.0002532896225317911,-0.0,-0.0,0.002028352963124243,-0.0,-0.0,-0.0,-0.0,-0.0
268,5286.6,6.24328015618583e-05,0.00029994133466032774,-0.0,-0.0,0.002041451861294746,-0.0,-0.0,-0.0,-0.0,-0.0
269,5304.400000000001,-0.0,0.0003040604180892047,-0.0,-0.0,0.0019629833815266195,-0.0,-0.0,-0.0,-0.0,-0.0
270,5322.2,2.1463975330042866e-05,0.0003422208169989956,-0.0,-0.0,0.001929643139663201,-0.0,-0.0,-0.0,-0.0,-0.0
271,5340.0,-0.0,0.00028958101053769443,-0.0,-0.0,0.0018878890975705799,-0.0,-0.0,-0.0,-0.0,-0.0
272,5357.8,-0.0,0.00024161828102483402,-0.0,-0.0,0.001875381733484411,-0.0,-0.0,-0.0,-0.0,-0.0
273,5375.6,-0.0,0.00020314125671578605,-0.0,-0.0,0.0018911090324596933,-0.0,-0.0,-0.0,-0.0,-0.0
274,5393.400000000001,2.2294630830963787e-05,0.00017501971320046966,-0.0,-0.0,0.0019262863773956663,1.2298335405064735e-05,-0.0,-0.0,-0.0,-0.0
275,5411.2,1.8352453074634007e-05,0.00013563178682805992,-0.0,-0.0,0.001962958142805184,1.1026648400721853e-05,-0.0,-0.0,-0.0,-0.0
276,5429.0,-0.0,8.299222084820322e-05,-0.0,-0.0,0.0020274538205749346,-0.0,-0.0,-0.0,-0.0,-0.0
277,5446.8,-0.0,4.435148606428802e-05,-0.0,-0.0,0.00211333959447907,-0.0,-0.0,-0.0,-0.0,-0.0
278,5464.6,-0.0,4.2472137925007674e-05,-0.0,-0.0,0.002241771359392014,-0.0,-0.0,-0.0,-0.0,-0.0
279,5482.400000000001,-0.0,4.7669089097023454e-05,-0.0,-0.0,0.0023934616418855754,2.1136147479802278e-05,-0.0,-0.0,-0.0,-0.0
280,5500.2,-0.0,5.141201937519042e-05,-0.0,-0.0,0.00257470539635372,3.679195307998591e-05,-0.0,-0.0,-0.0,-0.0
281,5518.0,-0.0,6.232798804481667e-05,-0.0,-0.0,0.002767979839551878,5.612152406736313e-05,-0.0,-0.0,-0.0,-0.0
282,5535.8,1.383746435539105e-05,6.78982833737614e-05,-0.0,-0.0,0.0029584829127788886,6.83719317585121e-05,-0.0,-0.0,-0.0,-0.0
283,5553.6,1.4920090035264888e-05,5.105125067994205e-05,-0.0,-0.0,0.00314490371950161,6.081352353772284e-05,-0.0,-0.0,-0.0,-0.0
284,5571.400000000001,1.8032231005783532e-05,3.912022291023494e-05,-0.0,-0.0,0.0033309940641396,5.793616416048674e-05,-0.0,-0.0,-0.0,-0.0
285,5589.2,1.4644401189005313e-05,3.154678116854784e-05,-0.0,-0.0,0.0034993184397618836,5.186752714567437e-05,-0.0,-0.0,-0.0,-0.0
286,5607.0,1.1489475319574659e-05,2.9626876192150048e-05,-0.0,-0.0,0.003649410070302236,4.5648907724477886e-05,-0.0,-0.0,-0.0,-0.0
287,5624.8,9.062262278811573e-06,2.909371926545018e-05,-0.0,-0.0,0.003792687920504891,3.9550094646618334e-05,-0.0,-0.0,-0.0,-0.0
288,5642.6,1.7709198143189074e-06,2.0236777291523817e-05,-0.0,-0.0,0.003918083006638217,3.0697162564885647e-05,-0.0,-0.0,-0.0,-0.0
289,5660.400000000001,1.5716448332913868e-06,6.386044235764807e-06,-0.0,-0.0,0.004014136894786044,2.0046487265378936e-05,-0.0,-0.0,-0.0,-0.0
290,5678.2,9.94254116776315e-06,6.86804737591511e-06,-0.0,-0.0,0.004096874663542342,2.271108230518683e-05,-0.0,-0.0,-0.0,-0.0
291,5696.0,1.9950703893857518e-05,1.1262601331278352e-05,-0.0,-0.0,0.004175338960171349,2.7616929187857517e-05,-0.0,-0.0,-0.0,-0.0
292,5713.8,2.8788792403220523e-05,1.1091542570013487e-05,-0.0,-0.0,0.004238717707356256,2.9274241009722106e-05,-0.0,-0.0,-0.0,-0.0
293,5731.6,3.6383010524818505e-05,1.2344310472392535e-05,-0.0,-0.0,0.004302426507002358,2.92746263293132e-05,-0.0,-0.0,-0.0,-0.0
294,5749.400000000001,5.124572759164766e-05,1.7269681914077797e-05,-0.0,-0.0,0.004372764286342577,4.093143652829593e-05,-0.0,-0.0,-0.0,-0.0
295,5767.2,6.666305672811569e-05,4.440819793968551e-05,-0.0,-0.0,0.004469117880976265,6.518589849123528e-05,-0.0,-0.0,-0.0,-0.0
296,5785.0,7.325944661659174e-05,4.939313174713708e-05,-0.0,-0.0,0.004582334406201121,8.914378127762571e-05,-0.0,-0.0,-0.0,-0.0
297,5802.8,7.929323925740992e-05,4.8629999840081704e-05,-0.0,-0.0,0.004721882391433071,0.00010461280655997462,-0.0,-0.0,-0.0,-0.0
298,5820.6,7.19523296983149e-05,4.301301581177713e-05,-0.0,-0.0,0.004892184610147017,0.0001237947842208645,-0.0,-0.0,-0.0,-0.0
299,5838.400000000001,5.605774910789513e-05,1.6681172766189198e-05,-0.0,-0.0,0.005025226038100982,0.00033729596188484146,-0.0,-0.0,-0.0,-0.0
300,5856.2,5.3467265367213184e-05,-0.0,-0.0,-0.0,0.005117160427903891,0.0007686372143224081,-0.0,-0.0,-0.0,-0.0
301,5874.0,4.838644434490072e-05,-0.0,-0.0,-0.0,0.00521939555924227,0.0012775984525560129,-0.0,-0.0,-0.0,-0.0
302,5891.8,3.9473060007645296e-05,-0.0,-0.0,-0.0,0.005330303043531271,0.0018433233995427023,-0.0,-0.0,-0.0,-0.0
303,5909.6,2.8941895203035547e-05,-0.0,-0.0,-0.0,0.00544341182546888,0.0024991255492724574,-0.0,-0.0,-0.0,-0.0
304,5927.400000000001,3.1689852610597156e-05,-0.0,-0.0,-0.0,0.005569606324251612,0.0032125048522854078,-0.0,-0.0,-0.0,-0.0
305,5945.2,4.4627519129904176e-05,-0.0,-0.0,-0.0,0.005679280502956096,0.003999696008728517,-0.0,-0.0,-0.0,-0.0
306,5963.0,5.598370677868968e-05,-0.0,-0.0,-0.0,0.005778753306526145,0.004811379941243368,-0.0,-0.0,-0.0,-0.0
307,5980.8,5.96217115160253e-05,-0.0,-0.0,-0.0,0.005884979133394713,0.005614895962823119,-0.0,-0.0,-0.0,-0.0
308,5998.6,5.317500573957125e-05,-0.0,-0.0,-0.0,0.005998298383826265,0.006335358886228716,-0.0,-0.0,3.144157850899331e-05,-0.0
309,6016.400000000001,4.1515693380546086e-05,-0.0,-0.0,-0.0,0.006135789727189272,0.006964270445816835,-0.0,-0.0,0.0001070223094926947,-0.0
310,6034.2,4.727450952881994e-05,-0.0,-0.0,-0.0,0.006267773878737385,0.007575851072791178,-0.0,-0.0,0.00016691220851294087,-0.0
311,6052.0,6.31638513085363e-05,-0.0,-0.0,-0.0,0.006376614278455205,0.008161129513724871,-0.0,-0.0,0.0002387239672725832,-0.0
312,6069.8,0.00018593167040298065,-0.0,-0.0,-0.0,0.006459129151284194,0.008570862745457097,-0.0,-0.0,0.0003271792480644669,-0.0
313,6087.6,0.00037552818668861365,-0.0,-0.0,-0.0,0.006507971920719354,0.008878638138169822,-0.0,-0.0,0.0004322957735932258,-0.0
314,6105.400000000001,0.000574965296634114,-0.0,-0.0,-0.0,0.006513109659503691,0.009180536624048845,-0.0,-0.0,0.0005095507018589078,-0.0
315,6123.2,0.0007224627852816382,-0.0,-0.0,-0.0,0.006551467606658866,0.009294226039192045,-0.0,-0.0,0.0005356377668915022,-0.0
316,6141.0,0.0008297779785447359,-0.0,-0.0,-0.0,0.006552012723025747,0.009366489074107474,-0.0,-0.0,0.0005753896853036577,-0.0
317,6158.8,0.0010361574939331782,1.778382697716998e-05,-0.0,-0.0,0.006560337516394897,0.009219831654306645,-0.0,-0.0,0.0005838265553992548,-0.0
318,6176.6,0.001146132890496496,2.5261495911055934e-05,-0.0,-0.0,0.006540400275954046,0.00903589939876183,-0.0,-0.0,0.0005561690623298896,-0.0
319,6194.400000000001,0.001234208693490052,3.8601126721444026e-05,-0.0,-0.0,0.006509496019363615,0.008718507337483559,-0.0,-0.0,0.0005585777720602076,-0.0
320,6212.2,0.0012682973190175902,4.4843600486038014e-05,-0.0,-0.0,0.006472251303259382,0.0083045806104713,-0.0,-0.0,0.0005449942530582724,-0.0
321,6230.0,0.001265539084517033,6.6940441796264e-05,-0.0,-0.0,0.006433678643193774,0.007804112019800291,-0.0,-0.0,0.00044664625528591717,-0.0
322,6247.8,0.001246166125213582,9.653954471032668e-05,-0.0,-0.0,0.00642125783030784,0.007187477098151302,-0.0,-0.0,0.0003448371551362962,-0.0
323,6265.6,0.0012273335483912163,0.0001209745290759157,-0.0,-0.0,0.0063921097188511045,0.006480044393412504,-0.0,-0.0,0.00023009794000329367,-0.0
324,6283.400000000001,0.0012070778544034384,0.00015936030187071036,-0.0,-0.0,0.0063326854638150005,0.005773623329506287,-0.0,-0.0,0.00012791643222050982,-0.0
325,6301.2,0.0012013257210978148,0.00019520454936718047,-0.0,-0.0,0.006278831535646419,0.004994007101005832,-0.0,-0.0,8.229318982827733e-06,-0.0
326,6319.0,0.0011646827129100322,0.00020591298275185482,-0.0,-0.0,0.00623037142062919,0.004124308424801441,-0.0,-0.0,-0.0,-0.0
327,6336.8,0.0011054468194716094,0.0002039093731521933,-0.0,-0.0,0.006194962900920134,0.0032044830201663444,-0.0,-0.0,-0.0,-0.0
328,6354.6,0.0010228370291162194,0.0002090773294808212,-0.0,-0.0,0.00614565211987134,0.002330601342779121,-0.0,-0.0,-0.0,-0.0
329,6372.400000000001,0.0008712251956237069,0.00021020750049804534,-0.0,-0.0,0.006081975343249373,0.0015296366097907127,-0.0,-0.0,-0.0,-0.0
330,6390.2,0.0007139731389462435,0.00022796637111876654,-0.0,-0.0,0.006036030526881217,0.0007406120207565441,-0.0,-0.0,-0.0,-0.0
331,6408.0,0.0004479244624681827,0.00023959106377887283,-0.0,-0.0,0.005914930737338194,0.0001953104509133671,-0.0,-0.0,-0.0,-0.0
332,6425.8,0.00013115040875759333,0.00017158742685844433,-0.0,-0.0,0.00557676078825433,0.00011272784847174384,-0.0,-0.0,-0.0,-0.0
333,6443.6,9.115956434151552e-05,0.0001536916635123861,-0.0,-0.0,0.005189195947279443,9.34016543029393e-05,-0.0,-0.0,-0.0,-0.0
334,6461.400000000001,8.300821809006191e-05,0.00014976054870446192,6.486785004144304e-05,-0.0,0.004789910693976205,8.646864658591617e-05,-0.0,-0.0,-0.0,-0.0
335,6479.2,6.748544255693005e-05,0.00014118089883239905,0.0004212613404302319,-0.0,0.004413831318112257,6.994329133769154e-05,-0.0,-0.0,-0.0,-0.0
336,6497.0,3.9520719690759354e-05,0.00012196542363688472,0.0008396711189340868,-0.0,0.004063427807866365,4.6308600312582526e-05,-0.0,-0.0,-0.0,-0.0
337,6514.8,9.63142100305426e-06,9.688554863881358e-05,0.0012475229628375864,-0.0,0.0037540817675226074,2.2086259730739288e-05,-0.0,-0.0,-0.0,-0.0
338,6532.6,-0.0,6.930219307375607e-05,0.0016471877040535583,-0.0,0.0034809163899213232,-0.0,-0.0,-0.0,-0.0,-0.0
339,6550.400000000001,-0.0,5.551968567883318e-05,0.0020043284475169737,-0.0,0.003249670960269955,-0.0,-0.0,-0.0,-0.0,-0.0
340,6568.2,-0.0,5.7335408313996674e-05,0.0022843090181635588,-0.0,0.00306515881622713,-0.0,-0.0,-0.0,-0.0,-0.0
341,6586.0,-0.0,7.384876116051008e-05,0.0025544429340190675,-0.0,0.002929631196058437,-0.0,-0.0,-0.0,-0.0,-0.0
342,6603.8,-0.0,8.50245767305758e-05,0.002851017402281494,-0.0,0.002850410541697894,8.77667157353471e-06,-0.0,-0.0,-0.0,-0.0
343,6621.6,-0.0,9.592456083330499e-05,0.0031005879172844486,-0.0,0.0028215027543735324,2.6567660876437998e-05,-0.0,-0.0,-0.0,-0.0
344,6639.400000000001,-0.0,5.4829736432087525e-05,0.0032979313975723145,-0.0,0.0028194295313972153,6.539336451940838e-07,-0.0,-0.0,-0.0,-0.0
345,6657.2,-0.0,2.860640598577747e-05,0.0034101869994295902,-0.0,0.002845732252809416,-0.0,-0.0,-0.0,-0.0,-0.0
346,6675.0,-0.0,-0.0,0.003553969301850817,-0.0,0.002901971513845255,-0.0,-0.0,-0.0,-0.0,-0.0
347,6692.8,-0.0,1.2602362093068134e-05,0.003556795071458832,-0.0,0.003016267734029302,-0.0,-0.0,-0.0,-0.0,-0.0
348,6710.6,-0.0,1.7739262715995525e-05,0.0035238721514160125,-0.0,0.003162274729977198,1.102989677689785e-05,-0.0,-0.0,-0.0,-0.0
349,6728.400000000001,-0.0,1.7513603075450574e-05,0.0034698413856177703,-0.0,0.003321621265765823,2.5202434996993565e-05,-0.0,-0.0,-0.0,-0.0
350,6746.2,-0.0,2.6552566344174492e-05,0.0033585231623000124,-0.0,0.003501924366938915,4.8362309159016254e-05,-0.0,-0.0,-0.0,-0.0
351,6764.0,-0.0,5.090264740476591e-05,0.003193928364024826,-0.0,0.0037000068554698864,7.96501245359715e-05,-0.0,-0.0,-0.0,-0.0
352,6781.8,-0.0,5.799127578888341e-05,0.0029823160575718644,-0.0,0.0039077290513985525,9.747500217747731e-05,-0.0,-0.0,-0.0,-0.0
353,6799.6,-0.0,5.655343280368543e-05,0.002751977851222766,-0.0,0.004100447074092339,0.00010308286889602243,-0.0,-0.0,-0.0,-0.0
354,6817.400000000001,1.809502611186157e-05,5.564830594126274e-05,0.0025081963390801263,-0.0,0.004290003653367157,0.00010962014507460193,-0.0,-0.0,-0.0,-0.0
355,6835.200000000001,3.1872051720873836e-05,5.7102795105023376e-05,0.002308167688879246,-0.0,0.004467941783866356,0.00011602432198976514,-0.0,-0.0,-0.0,-0.0
356,6853.0,2.5123242906867008e-05,3.755644551465104e-05,0.0020813772896624196,-0.0,0.004636457870160914,0.00010479799413251012,-0.0,-0.0,-0.0,-0.0
357,6870.8,3.081533649401225e-05,2.2985396295873847e-05,0.0018888228073084296,-0.0,0.004788946288262817,9.165791069149195e-05,-0.0,-0.0,-0.0,-0.0
358,6888.6,5.273241724759573e-05,3.2888593265711284e-05,0.0016560013999488287,-0.0,0.004931097960478358,9.19040627491123e-05,-0.0,-0.0,-0.0,-0.0
359,6906.400000000001,7.899861768742125e-05,5.7310719891723014e-05,0.0014662967383391183,-0.0,0.005051461452421591,0.00011083520661100035,-0.0,-0.0,-0.0,-0.0
360,6924.200000000001,8.998460707948684e-05,6.781810179115811e-05,0.0013119874409520979,-0.0,0.005148029972365379,0.0001162250534625903,-0.0,-0.0,-0.0,-0.0
361,6942.0,8.489812340004458e-05,5.9273918841602705e-05,0.0011127004839016053,-0.0,0.005232348934882906,0.00010705515590683333,-0.0,-0.0,-0.0,-0.0
362,6959.8,7.435533457753107e-05,4.63423267696913e-05,0.0009856924670916165,-0.0,0.005285441913725004,9.096241205528318e-05,-0.0,-0.0,-0.0,-0.0
363,6977.6,7.610364083406805e-05,4.492353912766316e-05,0.000881406995604018,-0.0,0.0053241555679783455,9.10251193605723e-05,-0.0,-0.0,-0.0,-0.0
364,6995.400000000001,6.86076729069168e-05,3.283941259559753e-05,0.0008065897713770782,-0.0,0.005320180658911051,7.447876203422729e-05,-0.0,-0.0,-0.0,-0.0
365,7013.200000000001,7.112825809025894e-05,3.589677905943342e-05,0.0007614255279545726,-0.0,0.005285115847759536,7.338700284938283e-05,-0.0,-0.0,-0.0,-0.0
366,7031.0,5.747094158463824e-05,2.0089569021979794e-05,0.0006620877630433934,1.1027122120923659e-05,0.005223075407953643,5.707686490335867e-05,-0.0,-0.0,-0.0,-0.0
367,7048.8,6.406447781971727e-05,2.3786901732514557e-05,0.0005872274618206405,7.665191444789159e-05,0.005139285374521402,5.933746811704536e-05,-0.0,-0.0,-0.0,-0.0
368,7066.6,5.6761284727422406e-05,1.6704642855894746e-05,0.0005027064233011761,0.00015299561784784063,0.005026216451185125,4.474597265099959e-05,-0.0,-0.0,-0.0,-0.0
369,7084.400000000001,5.3344990264036485e-05,3.1521207672120384e-05,0.00039843319124573714,0.0003914705289421309,0.0048832391656294955,3.17950461685139e-05,-0.0,-0.0,-0.0,-0.0
370,7102.200000000001,5.484088878324503e-05,3.7003257401592036e-05,0.00023337861333228997,0.0006101711469862637,0.004734210388911053,3.017981360930246e-05,-0.0,-0.0,-0.0,-0.0
371,7120.0,5.363304130171859e-05,2.393992686558491e-05,8.845988219805781e-05,0.000862699797551399,0.004563312605151238,2.915523930018377e-05,-0.0,-0.0,-0.0,-0.0
372,7137.8,4.134878763136014e-05,1.698964772755483e-05,-0.0,0.0012114472336220469,0.004373149366126303,1.9879262371639555e-05,-0.0,-0.0,-0.0,-0.0
373,7155.6,2.332676216164704e-05,1.4246747804311352e-06,-0.0,0.0015263382088531487,0.004163664962224612,5.171149646663071e-06,-0.0,-0.0,-0.0,-0.0
374,7173.400000000001,1.3260656803983968e-05,-0.0,-0.0,0.0018113749267996962,0.003937085377715947,-0.0,-0.0,-0.0,-0.0,-0.0
375,7191.200000000001,9.440815737992228e-06,1.1990240068152056e-05,-0.0,0.002160113846689975,0.0037046823091319175,-0.0,-0.0,-0.0,-0.0,-0.0
376,7209.0,-0.0,3.205357146287485e-05,-0.0,0.0025808161515022475,0.0034671107884282066,-0.0,-0.0,-0.0,-0.0,-0.0
377,7226.8,-0.0,4.7589430504653215e-05,-0.0,0.0029609324880357233,0.003232913562206915,-0.0,-0.0,-0.0,-0.0,-0.0
378,7244.6,-0.0,6.82364129201349e-05,-0.0,0.003371748722477109,0.003014762621315569,-0.0,-0.0,-0.0,-0.0,-0.0
379,7262.400000000001,-0.0,7.247523758658914e-05,-0.0,0.0038658842199730896,0.002799157721961665,-0.0,-0.0,-0.0,-0.0,-0.0
380,7280.200000000001,-0.0,7.54114231835326e-05,-0.0,0.004302262711781436,0.002607276496819433,-0.0,-0.0,-0.0,-0.0,-0.0
381,7298.0,-0.0,5.8599654816440165e-05,-0.0,0.004812611814107748,0.0024116225613651805,-0.0,-0.0,-0.0,-0.0,-0.0
382,7315.8,-0.0,8.08239874980808e-05,-0.0,0.005340360910328592,0.0022573936147580295,-0.0,-0.0,-0.0,-0.0,-0.0
383,7333.6,-0.0,6.906417342060486e-05,-0.0,0.005885411993473073,0.0021184476218973672,-0.0,-0.0,-0.0,-0.0,-0.0
384,7351.400000000001,-0.0,0.00013842789372084749,-0.0,0.006406518421089173,0.00203078367847551,-0.0,-0.0,-0.0,-0.0,-0.0
385,7369.200000000001,-0.0,0.00011044344753699563,-0.0,0.0068495916346987505,0.0019729931174868615,-0.0,-0.0,-0.0,-0.0,-0.0
386,7387.0,-0.0,0.00015682555781215614,-0.0,0.007213614234531837,0.0019643304316340165,-0.0,-0.0,-0.0,-0.0,-0.0
387,7404.8,-0.0,0.00013186373431319146,-0.0,0.007561997459089979,0.00198238569421412,2.7972603250848874e-07,-0.0,-0.0,-0.0,-0.0
388,7422.6,-0.0,0.0001392252493711701,-0.0,0.0078401366631233,0.0020192356510806988,-0.0,-0.0,-0.0,-0.0,-0.0
389,7440.400000000001,-0.0,8.305200327960539e-05,-0.0,0.008104299075908364,0.0020641044494569666,-0.0,-0.0,-0.0,-0.0,-0.0
390,7458.200000000001,-0.0,1.565308929007812e-05,-0.0,0.008152502841769313,0.002123182700697199,-0.0,-0.0,-0.0,-0.0,-0.0
391,7476.0,-0.0,3.0482847749284763e-05,-0.0,0.008077047603453825,0.002226636689170054,-0.0,-0.0,-0.0,-0.0,-0.0
392,7493.8,-0.0,3.977473183256344e-05,-0.0,0.008053712783315304,0.002315197598546024,-0.0,-0.0,-0.0,-0.0,-0.0
393,7511.6,-0.0,4.648438820575736e-05,-0.0,0.00794170518194118,0.0023920850372006917,-0.0,-0.0,-0.0,-0.0,-0.0
394,7529.400000000001,-0.0,4.094887193080703e-05,-0.0,0.007750702884345868,0.002449915328354376,-0.0,-0.0,-0.0,-0.0,-0.0
395,7547.200000000001,-0.0,2.8215468221246958e-05,-0.0,0.007326493703916647,0.002523337968596771,-0.0,-0.0,-0.0,-0.0,-0.0
396,7565.0,-0.0,2.4628873491437176e-05,-0.0,0.006952534814097982,0.0025523405594810927,-0.0,-0.0,-0.0,-0.0,-0.0
397,7582.8,-0.0,3.307487832478949e-05,-0.0,0.006399276138660583,0.002593013789531195,-0.0,-0.0,-0.0,-0.0,-0.0
398,7600.6,-0.0,2.991747575754262e-05,-0.0,0.005996951089757205,0.0025587097793371484,-0.0,-0.0,-0.0,-0.0,-0.0
399,7618.400000000001,-0.0,6.837285169776643e-06,-0.0,0.005479646599495827,0.002509722978622125,-0.0,0.0004576969642441389,-0.0,-0.0,-0.0
400,7636.200000000001,-0.0,-0.0,-0.0,0.00495051189562016,0.0024090139662360063,-0.0,0.0010626669833856581,-0.0,-0.0,-0.0
401,7654.0,-0.0,-0.0,-0.0,0.004082610725723383,0.0022750356350288202,-0.0,0.00321694624992758,-0.0,-0.0,-0.0
402,7671.8,-0.0,-0.0,-0.0,0.0031269623580582615,0.0021253320232660798,-0.0,0.005710313966243005,-0.0,-0.0,-0.0
403,7689.6,-0.0,-0.0,-0.0,0.002337185761377454,0.0019433701852411098,-0.0,0.007704694999766673,-0.0,-0.0,-0.0
404,7707.400000000001,-0.0,-0.0,-0.0,0.0016301470396508971,0.001784174213163672,-0.0,0.0092295276175224,-0.0,-0.0,-0.0
405,7725.200000000001,-0.0,-0.0,-0.0,0.0008405173083964868,0.001615460866250504,-0.0,0.010589256582136403,-0.0,-0.0,-0.0
406,7743.0,-0.0,1.1008723221099917e-05,-0.0,0.00020668114625363204,0.0014151898989232246,-0.0,0.011873116976753095,-0.0,-0.0,-0.0
407,7760.8,-0.0,0.00014045036719212374,-0.0,8.25306092303575e-05,0.0011801601461640943,-0.0,0.013078472236819945,-0.0,-0.0,-0.0
408,7778.6,5.981081524808863e-05,0.00032985494558202216,-0.0,-0.0,0.0009361269382774697,-0.0,0.01408902420658249,-0.0,-0.0,-0.0
409,7796.400000000001,8.699337792476238e-05,0.0005011704017134907,-0.0,-0.0,0.0006732460663435025,2.7099408438692203e-06,0.014107508466139144,-0.0,-0.0,-0.0
410,7814.200000000001,0.0002544536499277139,0.0004979590123777471,-0.0,1.4242016451535745e-05,0.0003615663196486615,1.6528012204968872e-05,0.0140605982867637,-0.0,-0.0,-0.0
411,7832.0,0.0004746355661215169,0.0004300370535222953,2.3413372690850712e-05,6.985286649234034e-05,0.00014268369559218496,5.231790814199896e-05,0.0130767265707162,-0.0,6.898146024439858e-05,-0.0
412,7849.8,0.0006360447179327226,0.00013182499324129558,3.4013757294028465e-05,5.632666930169182e-05,5.892430071025088e-05,4.3294351018893615e-05,0.010414944540671897,-0.0,0.00020177398477200817,-0.0
413,7867.6,0.0005904473164631783,9.476986831487614e-05,1.3181017414769128e-06,-0.0,5.8449347247520305e-05,4.307745886108533e-05,0.007839882500798197,-0.0,0.0002005654669016282,-0.0
414,7885.400000000001,0.000323586812501317,0.00011817277723876924,-0.0,-0.0,4.4272074430286884e-05,3.925599531327405e-05,0.005955087844178102,-0.0,9.746950994302216e-05,-0.0
415,7903.200000000001,0.00018364252296708611,8.500293381105928e-05,1.2045146395548134e-05,-0.0,4.800702126907438e-05,4.569688485851137e-05,0.0029014043112685893,-0.0,4.054964780338915e-05,-0.0
416,7921.0,0.00016717184554992568,7.649231513611033e-05,5.693457758044027e-05,3.206035574252065e-05,6.37011106514459e-05,6.247609672798556e-05,4.309952488761382e-05,-0.0,0.00010250826422009108,-0.0
417,7938.8,7.177227484307697e-05,8.272095774296527e-05,0.00021223350886160464,5.523463575025165e-05,7.288129937758735e-05,7.470334541154799e-05,1.1655377962502568e-05,-0.0,0.00010241405146700804,-0.0
418,7956.6,6.632282088376649e-05,7.809424477899722e-05,0.0002820152915600033,5.957644393732863e-05,7.045481894972019e-05,7.410313782636435e-05,-0.0,-0.0,0.00010482081927821443,-0.0
419,7974.400000000001,7.911961888241145e-05,9.917042212714796e-05,0.0003272407339643428,0.00011582280756138859,8.438079006751749e-05,8.95112007334127e-05,-0.0,-0.0,0.0001403044603508207,-0.0
420,7992.200000000001,7.071706605188302e-05,8.046397236488596e-05,0.000248514400500144,5.630303625593141e-05,7.315568141158106e-05,7.685725551633227e-05,-0.0,-0.0,7.082730089152334e-05,-0.0
